"Sport","avg.length"
"Baseball",20.6666666666667
"Basketball",16.7142857142857
"Chess",28.25
"Cricket",19.3333333333333
"Football",15.3
"Golf",17.8571428571429
"Hockey",23.5
"Soccer",21.875
"Swimming",9.5625
"Tennis",19.9090909090909
